State Number,State,Constituency Number,Constituency,Extent in terms of Assembly Constituencies,Reservation,,
1,Andhra Pradesh ,1,Adilabad,"Sirpur, Asifabad, Khanapur, Adilabad, Boath, Nirmal, Mudhole",ST,,
,,2,Peddapalle,"Chennur, Bellampalli, Mancherial, Dharmapuri, Ramagundam, Manthani, Peddapalle",SC,,
,,3,Karimnagar,"Karimnagar, Choppadandi, Vemulawada, Sircilla, Manakondur, Huzurabad, Husnabad",,,
,,4,Nizamabad ,"Armur, Bodhan, Nizamabad (Urban), Nizamabad (Rural), Balkonda, Koratla, Jagtial",,,
,,5,Zahirabad,"Jukkal, Banswada, Yellareddy, Kamareddy, Narayankhed, Andole, Zahirabad",,,
,,6,Medak,"Siddipet, Medak, Narsapur, Sangareddy, Patancheru, Dubbak, Gajwel",,,
,,7,Malkajgiri,"Medchal, Malkajgiri, Qutbullapur, Kukatpalle, Uppal, Lal Bahadur Nagar, Secunderabad Cantt.",,,
,,8,Secunderabad,"Musheerabad, Amberpet, Khairatabad, Jubilee Hills, Sanathnagar, Nampally, Secunderabad",,,
,,9,Hyderabad,"Malakpet, Karwan, Goshamahal, Charminar, Chandrayangutta, Yakutpura, Bahadurpura",,,
,,10,Chevella,"Maheswaram, Rajendranagar, Serilingampally, Chevella, Pargi, Vicarabad, Tandur",,,
,,11,Mahbubnagar,"Kodangal, Narayanpet, Mahbubnagar, Jadcherla, Devarkadra, Makthal, Shadnagar",,,
,,12,Nagarkurnool,"Wanaparthy, Gadwal, Alampur, Nagarkurnool, Achampet, Kalwakurthy, Kollapur",SC,,
,,13,Nalgonda,"Devarakonda, Nagarjuna Sagar, Miryalaguda, Huzurnagar, Kodad, Suryapet, Nalgonda",,,
,,14,Bhongir,"Ibrahimpatnam, Munugode, Bhongir, Nakrekal, Thungathurthi, Alair, Jangaon",,,
,,15,Warangal,"Ghanpur (Station), Palakurthi, Parkal, Warangal West, Warangal East, Wardhannapet, Bhupalpalle",SC,,
,,16,Mahabubabad,"Dornakal, Mahabubabad, Narsampet, Mulug, Pinapaka, Yellandu, Bhadrachalam",,,
,,17,Khammam,"Khammam, Palair, Madhira, Wyra, Sathupalle, Kothagudem, Aswaraopeta",,,
,,18,Araku,"Palakonda, Kurupam, Parvathipuram, Salur, Araku Valley, Paderu, Rampachodovaram",ST,,
,,19,Srikakulam,"Ichchapuram, Palasa, Tekkali, Pathapatnam, Srikakulam, Amadalavalasa, Narasannapeta",,,
,,20,Vizianagaram,"Etcherla, Rajam, Bobbili, Cheepurupalli, Gajapathinagaram, Nellimarla, Vizianagaram",,,
,,21,Visakhapatnam,"Srungavarapukota, Bhimli, Visakhapatnam East, Visakhapatnam South, Visakhapatnam North, Visakhapatnam West, Gajuwaka",,,
,,22,Anakapalle,"Chodavaram, Madugula, Anakapalle, Pendurthi, Yelamanchili, Payakaraopet, Narsipatnam",,,
,,23,Kakinada,"Tuni, Prathipadu, Pithapuram, Kakinada Rural, Peddapuram, Kakinada City, Jaggampeta",,,
,,24,Amalapuram,"Ramachandrapuram, Mummidivaram, Amalapuram, Razole, Gannavaram, Kothapeta, Mandapeta",SC,,
,,25,Rajahmundry,"Anaparthy, Rajanagaram, Rajahmundry City, Rajahmundry Rural, Kovvur, Nidadavole, Gopalapuram",,,
,,26,Narsapuram,"Achanta, Palacole, Narsapuram, Bhimavaram, Undi, Tanuku, Tadepalligudem",,,
,,27,Eluru,"Unguturu, Denduluru, Eluru, Polavaram, Chintalapudi, Nuzvid, Kaikalur",,,
,,28,Machilipatnam,"Gannavaram, Gudivada, Pedana, Machilipatnam, Avanigadda, Pamarru, Penamaluru",,,
,,29,Vijayawada ,"Tiruvuru, Vijayawada West, Vijayawada Central, Vijayawada East, Mylavaram, Nandigama, Jaggayyapeta",,,
,,30,Guntur,"Tadikonda, Mangalagiri, Ponnuru, Tenali, Prathipadu, Guntur West, Guntur East",,,
,,31,Narasaraopet ,"Pedakurapadu, Chilakaluripet, Narasaraopet, Sattenapalli, Vinukonda, Gurajala, Macherla",,,
,,32,Bapatla,"Vemuru, Repalle, Bapatla, Parchur, Addanki, Chirala, Santhanuthalapadu",SC,,
,,33,Ongole,"Yerragondapalem, Darsi, Ongole, Kondapi, Markapuram, Giddalur, Kanigiri",,,
,,34,Nandyal,"Allagadda, Srisailam, Nandikotkur, Panyam, Nandyal, Banaganapalle, Dhone",,,
,,35,Kurnool,"Kurnool, Pattikonda, Kodumur, Yemmiganur, Mantralayam, Adoni, Alur",,,
,,36,Anantapur,"Rayadurg, Uravakonda, Guntakal, Tadpatri, Singanamala, Anantapur Urban, Kalyandurg",,,
,,37,Hindupur,"Raptadu, Madakasira, Hindupur, Penukonda, Puttaparthi, Dharmavaram, Kadiri",,,
,,38,Kadapa,"Badvel, Kadapa, Pulivendla, Kamalapuram, Jammalamadugu, Proddatur, Mydukur",,,
,,39,Nellore,"Kandukur, Kavali, Atmakur, Kovur, Nellore City, Nellore Rural, Udayagiri",,,
,,40,Tirupati,"Sarvepalli, Gudur, Sullurpeta, Venkatagiri, Tirupati, Srikalahasti, Satyavedu ",SC,,
,,41,Rajampet,"Rajampet, Kodur, Rayachoti, Thamballapalle, Pileru, Madanapalle, Punganur",,,
,,42,Chittoor,"Chandragiri, Nagari, Gangadhara Nellore, Chittoor, Puthalapattu, Palamaner, Kuppam",SC,,
,,,,,,,
2,Arunachal Pradesh,1,Arunachal West ,"Lumla, Tawang, Mukto, Dirang, Kalaktang, Thrizino-Buragaon, Bomdila, Bameng, Chayangtajo, Seppa East, Seppa West, Pakke-Kasang, Itanagar, Doimukh, Sagalee, Yachuli, Ziro-Hapoli, Palin, Nyapin, Tali, Koloriang, Nacho, Taliha, Daporijo, Raga, Damporijo, Liromoba, Likabali, Basar, Along West, Along East, Rumgong, Mechuka",,,
,,2,Arunachal East,"Tuting-Yingkiong, Pangin, Nari-Koyu, Pasighat West, Pasighat East, Mebo, Mariyang-Geku, Anini, Dambuk, Roing, Tezu, Hayuliang, Chowkham, Namsai, Lekang, Bordumsa-Diyum, Miao, Nampong, Changlang South, Changlang North, Namsang, Khonsa East, Khonsa West, Borduria-Bagapani, Kanubari, Longding-Pumao, Pongchou-Wakka",,,
,,,,,,,
3,Assam,1,Karimganj,"Ratabari, Patharkandi, Karimganj North, Karimganj South, Badarpur, Hailakandi, Katlicherra, Algapur",SC,,
,,2,Silchar,"Silchar, Sonai, Dholai, Udharbond, Lakhipur, Barkhola, Katigora",,,
,,3,Autonomous District,"Haflong, Bokajan, Howraghat, Diphu, Baithalangso",ST,,
,,4,Dhubri ,"Mankachar, Salmara South, Dhubri,Gauripur, 
Golakganj, Bilasipara West, Bilasipara East, 
Goalpara East, Goalpara West, Jaleswar",,,
,,5,Kokrajhar,"Gossaigaon, Kokrajhar West, Kokrajhar East, Sidli, Bijni, Sorbhog, Bhabanipur, Tamulpur, Barama, Chapaguri",ST,,
,,6,Barpeta ,"Bongaigaon, Abhayapuri North, Abhayapuri South, Patacharkuchi, Barpeta, Jania, Baghbar, Sarukhetri, Chenga, Dharmapur",,,
,,7,Gauhati ,"Dudhnai, Boko, Chaygaon, Palasbari, Jalukbari, Dispur, Gauhati East, Gauhati West, Hajo, Barkhetry",,,
,,8,Mangaldoi ,"Kamalpur, Rangiya, Nalbari,Panery, Kalaigaon, Sipajhar, Mangaldoi, Dalgaon, Udalguri, Majbat",,,
,,9,Tezpur ,"Dhekiajuli, Barchalla, Tezpur, Rangapara, Sootea, Biswanath, Behali, Gohpur, Bihpuria",,,
,,10,Nawgong ,"Jagiroad, Marigaon, Laharighat, Raha, Nowgong, Barhampur, Jamunamukh, Hojai, Lumding",,,
,,11,Kaliabor ,"Dhing, Batadroba, Rupohihat, Samaguri, Kaliabor, Bokakhat, Sarupathar, Golaghat, Khumtai, Dergaon",,,
,,12,Jorhat,"Jorhat, Titabar, Mariani, Teok, Amguri, Nazira, Mahmara, Sonari, Thowra, Sibsagar",,,
,,13,Dibrugarh ,"Moran, Dibrugarh, Lahowal, Duliajan, Tingkhong, Nahar Katia, Tinsukia Digboi, Margherita",,,
,,14,Lakhimpur,"Majuli, Naoboicha, Lakhimpur, Dhakuakhana, Dhemaji, Jonai, Chabua, Doom Dooma, Sadiya",,,
,,,,,,,
4,Bihar,1,Valmiki Nagar,"Valmiki Nagar, Ramnagar, Narkatiaganj, Bagaha, Lauriya, Sikta",,,
,,2,Paschim Champaran,"Nautan, Chanpatia, Bettiah, Raxaul, Sugauli, Narkatia",,,
,,3,Purvi Champaran,"Harsidhi, Govindganj, Kesaria, Kalyanpur, Pipra, Motihari",,,
,,4,Sheohar,"Madhuban, Chiraia, Dhaka, Sheohar, Riga, Belsand",,,
,,5,Sitamarhi,"Bathnaha, Parihar, Sursand, Bajpatti, Sitamarhi, Runnisaidpur",,,
,,6,Madhubani,"Harlakhi, Benipatti, Bisfi, Madhubani, Keoti, Jale",,,
,,7,Jhanjharpur,"Khajauli, Babubarhi, Rajnagar, Jhanjharpur, Phulparas, Laukaha",,,
,,8,Supaul,"Nirmali, Pipra, Supaul, Triveniganj, Chhatapur, Singheshwar",,,
,,9,Araria,"Narpatganj, Raniganj, Forbesganj, Araria, Jokhihat, Sikti",,,
,,10,Kishanganj,"Bahadurganj, Thakurganj, Kishanganj, Kochadhaman, Amour, Baisi",,,
,,11,Katihar,"Katihar, Kadwa, Balrampur, Pranpur, Manihari, Barari",,,
,,12,Purnia,"Kasba, Banmankhi, Rupauli, Dhamdaha, Purnia, Korha",,,
,,13,Madhepura,"Alamnagar, Bihariganj, Madhepura, Sonbarsha, Saharsa, Mahishi",,,
,,14,Darbhanga,"Gaura Bauram, Benipur, Alinagar, Darbhanga Rural, Darbhanga, Bahadurpur",,,
,,15,Muzaffarpur,"Gaighat, Aurai, Bochahan, Sakra, Kurhani, Muzaffarpur",,,
,,16,Vaishali,"Minapur, Kanti, Baruraj, Paroo, Sahebganj, Vaishali",,,
,,17,Gopalganj,"Baikunthpur, Barauli, Gopalganj, Kuchaikote, Bhore, Hathua",SC,,
,,18,Siwan,"Siwan, Ziradei, Darauli, Raghunathpur, Daraunda, Barharia",,,
,,19,Maharajganj,"Goriyakothi, Maharajganj, Ekma, Manjhi, Baniapur, Taraiya",,,
,,20,Saran,"Marhaura, Chapra, Garkha, Amnour, Parsa, Sonepur",,,
,,21,Hajipur,"Hajipur, Lalganj, Mahua, Raja Pakar, Raghopur, Mahnar",SC,,
,,22,Ujiarpur,"Patepur, Ujiarpur, Morwa, Sarairanjan, Mohiuddinnagar, Bibhutipur",,,
,,23,Samastipur,"Kusheshwar Asthan, Hayaghat, Kalyanpur, Warisnagar, Samastipur, Rosera",SC,,
,,24,Begusarai,"Cheria Bariarpur, Bachhwara, Teghra, Matihani, Sahebpur Kamal, Begusarai, Bakhri",,,
,,25,Khagaria,"Simri Bakhtiarpur, Hasanpur, Alauli, Khagaria, Beldaur, Parbatta",,,
,,26,Bhagalpur,"Bihpur, Gopalpur, Pirpainti, Kahalgaon, Bhagalpur, Nathnagar",,,
,,27,Banka,"Sultanganj, Amarpur, Dhoraiya, Banka, Katoria, Belhar",,,
,,28,Munger,"Munger, Jamalpur, Suryagarha, Lakhisarai, Mokama, Barh",,,
,,29,Nalanda,"Asthawan, Biharsharif, Rajgir, Islampur, Hilsa, Nalanda, Harnaut",,,
,,30,Patna Sahib,"Bakhtiarpur, Digha, Bankipur, Kumhrar, Patna Sahib, Fatuha",,,
,,31,Pataliputra,"Danapur, Maner, Phulwari, Masaurhi, Paliganj, Bikram",,,
,,32,Arrah,"Sandesh, Barhara, Arrah, Agiaon, Tarari, Jagdishpur, Shahpur",,,
,,33,Buxar,"Brahampur, Buxar, Dumraon, Rajpur, Ramgarh, Dinara",,,
,,34,Sasaram,"Mohania, Bhabua, Chainpur, Chenari, Sasaram, Kargahar",SC,,
,,35,Karakat,"Nokha, Dehri, Karakat, Goh, Obra, Nabinagar",,,
,,36,Jahanabad,"Arwal, Kurtha, Jahanabad, Ghosi, Makhdumpur, Atri",,,
,,37,Aurangabad,"Kutumba, Aurangabad, Rafiganj, Gurua, Imamganj, Tikari",,,
,,38,Gaya,"Sherghati, Barachatti, Bodh Gaya, Gaya Town, Belaganj, Wazirganj",SC,,
,,39,Nawada,"Barbigha, Rajauli, Hisua, Nawada, Gobindpur, Warsaliganj",,,
,,40,Jamui,"Tarapur, Sheikhpura, Sikandra, Jamui, Jhajha, Chakai",SC,,
,,,,,,,
5,Chhattisgarh,1,Surguja,"Premnagar, Bhatgaon, Pratappur, RamanujganjSamri, Lundra, Ambikapur, Sitapur",ST,,
,,2,Raigarh,"Jashpur, Kunkuri, Pathalgaon, Lailunga, Raigarh, Sarangarh, Kharsia, Dharamjaigarh",ST,,
,,3,Janjgir-Champa,"Akaltara, Janjgir-Champa, Sakti, Chandrapur, Jaijaipur, Pamgarh, Bilaigarh, Kasdol",SC,,
,,4,Korba ,"Bharatpur-Sonhat, Manendragarh, Baikunthpur, Rampur, Korba, Katghora, Pali-Tanakhar, Marwahi",,,
,,5,Bilaspur,"Kota, Lormi, Mungeli, Takhatpur, Bilha, Bilaspur, Beltara, Masturi",,,
,,6,Rajnandgaon ,"Pandariya, Kawardha, Khairagarh, Dongargarh, Rajnandgaon, Dongargaon, Khujji, Mohla-Manpur",,,
,,7,Durg ,"Patan, Durg-Rural, Durg City, Bhilai Nagar, Vaishali Nagar, Ahiwara, Saja, Bemetara, Nawagarh",,,
,,8,Raipur,"Baloda Bazar, Bhatapara, Dharsiwa, Raipur Rural, Raipur City West, Raipur City North, Raipur City South, Arang, Abhanpur",,,
,,9,Mahasamund ,"Saraipali, Basna Khallari, Mahasamund, Rajim Bindranawagarh, Kurud, Dhamtari",,,
,,10,Bastar,"Kondagaon, Narayanpur, Bastar, Jagdalpur, Chitrakot, Dantewada, Bijapur, Konta",ST,,
,,11,Kanker,"Sihawa, Sanjari Balod, Dondi Lohara, Gunderdehi,Antagarh, Bhanupratappur, Kanker, Keshkal",ST,,
,,,,,,,
6,Goa,1,North Goa,"Mandrem, Pernem, Bicholim, Tivim, Mapusa, Siolim, Saligao, Calangute, Porvorim, Aldona, Panaji, Taleigao, St. Cruz, St. Andre, Cumbarjua, Mayem, Sanquelim, Poriem, Valpoi, Priol",,,
,,2,South Goa,"Ponda, Shiroda, Marcaim Mormugao, Vasco-Da-Gama, Dabolim Cortalim, Nuvem, Curtorim, Fatorda, Margao, Benaulim, Navelim, Cuncolim, Velim, Quepem, Curchorem, Sanvordem, Sanguem, Canacona",,,
,,,,,,,
7,Gujarat,1,Kachchh,"Abdasa, Mandvi, Bhuj, Anjar, Gandhidham, Rapar, Morbi",SC,,
,,2,Banaskantha,"Vav, Tharad, Dhanera, Danta, Palanpur, Deesa, Deodar",,,
,,3,Patan,"Vadgam, Kankrej, Radhanpur, Chanasma, Patan, Sidhpur, Kheralu",,,
,,4,Mahesana,"Unjha, Visnagar, Becharaji, Kadi, Mahesana, Vijapur, Mansa",,,
,,5,Sabarkantha,"Himatnagar, Idar, Khedbrahma, Bhiloda, Modasa, Bayad, Prantij",,,
,,6,Gandhinagar,"Gandhinagar North, Kalol, Sanand, Ghatlodia, Vejalpur, Naranpura, Sabarmati",,,
,,7,Ahmedabad East,"Dahegam, Gandhinagar South, Vatva, Nikol, Naroda, Thakkarbapa Nagar, Bapunagar",,,
,,8,Ahmedabad West,"Ellisbridge, Amraiwadi, Dariapur, Jamalpur-Khadia, Maninagar, Danilimda, Asarwa",SC,,
,,9,Surendranagar,"Viramgam, Dhandhuka, Dasada, Limbdi, Wadhwan, Chotila, Dhrangadhra",,,
,,10,Rajkot,"Tankara, Wankaner, Rajkot East, Rajkot West, Rajkot South, Rajkot Rural, Jasdan",,,
,,11,Porbandar,"Gondal, Jetpur, Dhoraji, Porbandar, Kutiyana, Manavadar, Keshod",,,
,,12,Jamnagar,"Kalavad, Jamnagar Rural, Jamnagar North, Jamnagar South, Jamjodhpur, Khambhalia, Dwarka",,,
,,13,Junagadh,"Junagadh, Visavadar, Mangrol, Somnath, Talala, Kodinar, Una",,,
,,14,Amreli,"Dhari, Amreli, Lathi, Savarkundla, Rajula, Mahuva, Gariadhar",,,
,,15,Bhavnagar,"Talaja, Palitana, Bhavnagar Rural, Bhavnagar East, Bhavnagar West, Gadhada, Botad",,,
,,16,Anand,"Khambhat, Borsad, Anklav, Umreth, Anand, Petlad, Sojitra",,,
,,17,Kheda,"Daskroi, Dholka, Matar, Nadiad, Mehmedabad, Mahudha, Kapadvanj",,,
,,18,Panchmahal,"Thasra, Balasinor, Lunawada, Shehra, Morva Hadaf, Godhra, Kalol",,,
,,19,Dahod,"Santrampur, Fatepura, Jhalod, Limkheda, Dahod, Garbada, Devgadbaria",ST,,
,,20,Vadodara,"Savli, Vaghodia, Vadodara City, Sayajigunj, Akota, Raopura, Manjalpur",,,
,,21,Chhota Udaipur,"Halol, Chhota Udaipur, Jetpur,  Sankheda, Dabhoi, Padra, Nandod",,,
,,22,Bharuch,"Karjan, Dediapada, Jambusar, Vagra, Jhagadia, Bharuch, Ankleshwar",,,
,,23,Bardoli,"Mangrol, Mandvi, Kamrej, Bardoli, Mahuva, Vyara, Nizar",ST,,
,,24,Surat,"Olpad, Surat East, Surat North, Varachha Road, Karanj, Katargam, Surat West",,,
,,25,Navsari,"Limbayat, Udhna, Majura, Choryasi, Jalalpore, Navsari, Gandevi",,,
,,26,Valsad,"Dangs, Vansda, Dharampur, Valsad, Pardi, Kaprada, Umbergaon",ST,,
,,,,,,,
8,Haryana,1,Ambala,"Kalka, Panchkula, Naraingarh, Ambala Cantt., Ambala City, Mulana, Sadhaura, Jagadhri, Yamunanagar",SC,,
,,2,Kurukshetra,"Radaur, Ladwa, Shahbad, Thanesar, Pehowa, Guhla, Kalayat, Kaithal, Pundri",,,
,,3,Sirsa,"Narwana, Tohana, Fatehabad, Ratia, Kalanwali, Dabwali, Rania, Sirsa, Ellenabad",SC,,
,,4,Hisar,"Uchana Kalan, Adampur, Uklana, Narnaund, Hansi, Barwala, Hisar, Nalwa, Bawani Khera",,,
,,5,Karnal,"Nilokheri, Indri, Karnal, Gharaunda, Assandh, Panipat Rural, Panipat City, Israna, Samalkha",,,
,,6,Sonipat,"Ganaur, Rai, Kharkhauda, Sonipat, Gohana, Baroda, Julana, Safidon, Jind",,,
,,7,Rohtak,"Meham, Garhi Sampla-Kiloi, Rohtak, Kalanaur, Bahadurgarh, Badli, Jhajjar, Beri, Kosli",,,
,,8,Bhiwani-Mahendragarh,"Loharu, Badhra, Dadri, Bhiwani, Tosham, Ateli, Mahendragarh, Narnaul, Nangal Chaudhry",,,
,,9,Gurgaon,"Bawal, Rewari, Pataudi, Badshahpur, Gurgaon, Sohna, Nuh, Ferozepur Jhirka, Punahana",,,
,,10,Faridabad,"Hathin, Hodal, Palwal, Prithla, Faridabad NIT, Badkhal, Ballabgarh, Faridabad, Tigaon",,,
,,,,,,,
9,Himachal Pradesh,1,Kangra,"Churah, Chamba, Dalhousie, Bhattiyat, Nurpur, Indora, Fatehpur, Jawali, Jawalamukhi, Jaisinghpur, Sullah, Nagrota, Kangra, Shahpur, Dharamshala, Palampur, Baijnath",,,
,,2,Mandi,"Bharmour, Lahaul & Spiti, Manali, Kullu, Banjar, Anni, Karsog, Sundernagar, Nachan, Seraj, Darang, Jogindernagar, Mandi, Balh, Sarkaghat, Rampur, Kinnaur",,,
,,3,Hamirpur,"Dehra, Jaswan-Pragpur, Dharampur, Bhoranj, Sujanpur, Hamirpur, Barsar, Nadaun, Chintpurni, Gagret, Haroli, Una, Kutlehar, Jhanduta, Ghumarwin, Bilaspur, Sri Naina Deviji",,,
,,4,Shimla,"Arki, Nalagarh, Doon, Solan, Kasauli, Pachhad, Nahan, Sri Renukaji, Paonta Sahib, Shillai, Chopal, Theog, Kasumpti, Shimla, Shimla Rural, Jubbal-Kotkhai, Rohru ",SC,,
,,,,,,,
10,Jammu and Kashmir,1,Baramulla,Baramulla district,,,
,,2,Srinagar,Srinagar district,,,
,,3,Anantnag,Ananmag district,,,
,,4,Ladakh,Ladakh district,,,
,,5,Udhampur,"Udhampur, Doda and Kathua districts ",,,
,,6,Jammu,"Jammu, Rajouri and Poonch districts ",,,
,,,,,,,
11,Jharkhand,1,Rajmahal,"Rajmahal, Boiro, Barhait, Litipara Pakaur, Maheshpur",ST,,
,,2,Dumka,"Skiaripara, Nala, Jamtara, Sarath, Dumka, Jama",ST,,
,,3,Godda ,"Madhupur, Deoghar, Jarmundi, Poreyahat, Godda, Mahagama",,,
,,4,Chatra ,"Chatra, Simaria, Latehar, Panki, Manika",,,
,,5,Kodarma ,"Kodarma, Barkatha, Dhanwar, Bagodar, Jamua, Gandey",,,
,,6,Giridih ,"Giridih, Dumri, Gomia, Bermo, Tundi, Baghmara",,,
,,7,Dhanbad ,"Bokaro, Sindri, Nirsa, Dhanbad, Jharia, Chandankiyari",,,
,,8,Ranchi ,"Ichagarh, Silli, Khijri, Ranchi, Hatia, Kanke",,,
,,9,Jamshedpur ,"Bahragora, Ghatsila, Potka, Jugsalai, Jamshedpur-East, Jamshedpur-West",,,
,,10,Singhbhum,"Seraikela, Chaibasa, Majhgaon, Jaganathpur, Manoharpur, Chakaradharpur ",ST,,
,,11,Khunti,"Kharsawan, Tamar, Torpa, Khunti, Kolebira, Simdega",ST,,
,,12,Lohardaga,"Mandar, Sisai, Gumla, Bishunpur, Lohardagga",ST,,
,,13,Palamu,"Daltonganj, Garhwa, Bhawanathpur, Bishrampur, Chhatarpur, Hussainabad",SC,,
,,14,Hazaribagh,"Barhi, Barkagaon, Ramgarh, Mandu, Hazaribagh",,,
,,,,,,,
12,Karnataka,1,Chikkodi,"Nippani, Chikkodi -Sadalga, Athni, Kagawad, Kudachi, Raybag, Hukeri, Yemkanmardi",,,
,,2,Belgaum,"Arabhavi, Gokak, Belgaum Uttar, Belgaum Dakshin, Belgaum Rural, Bailhongal, Saundatti Yellamma, Ramdurg.",,,
,,3,Bagalkot,"Mudhol, Terdal, Jamkhandi, Bilgi, Badami, Bagalkot, Hungund, Nargund",,,
,,4,Bijapur,"Muddebihal, Devar Hippargi, Basavana Bagevadi, Babaleshwar, Bijapur City, Nagthan, Indi, Sindgi",SC,,
,,5,Gulbarga,"Afzalpur, Jewargi, Gurmitkal, Chittapur, Sedam, Gulbarga Rural, Gulbarga Dakshin, Gulbarga Uttar",SC,,
,,6,Raichur,"Shorapur, Shahapur, Yadgir, Raichur Rural, Raichur, Manvi, Devadurga, Lingsugur",ST,,
,,7,Bidar,"Chincholi, Aland, Basavakalyan, Humnabad, Bidar South, Bidar, Bhalki, Aurad",,,
,,8,Koppal,"Sindhanur, Maski, Kushtagi, Kanakagiri, Gangawati, Yelburga, Koppal, Siruguppa",,,
,,9,Bellary,"Hadagalli, Hagaribommanahalli, Vijayanagara, Kampli, Bellary, Bellary City, Sandur, Kudligi",ST,,
,,10,Haveri,"Shirahatti, Gadag, Ron, Hangal, Haveri, Byadgi, Hirekerur, Ranibennur",,,
,,11,Dharwad,"Dharwad Navalgund, Kundgol, Dharwad, Hubli-Dharwad-East, Hubli-Dharwad-Central, Hubli-Dharwad-West, Kalghatgi, Shiggaon",,,
,,12,Uttara Kannada,"Khanapur, Kittur, Haliyal, Karwar, Kumta, Bhatkal, Sirsi, Yellapur",,,
,,13,Davanagere,"Jagalur, Harapanahalli, Harihar, Davanagere North, Davanagere South, Mayakonda, Channagiri, Honnali",,,
,,14,Shimoga,"Shimoga Rural, Bhadravati, Shimoga, Tirthahalli, Shikaripur, Sorab, Sagar, Byndoor",,,
,,15,Udupi,"Kundapura, Udupi, Kapu, Karkal, Chikmagalur Sringeri, Mudigere, Chikmagalur, Tarikere",,,
,,16,Hassan,"Kadur, Shravanabelagola, Arsikere, Belur, Hassan, Holenarasipur, Arkalgud, Sakleshpur",,,
,,17,Dakshina Kannada,"Belthangady, Moodabidri, Mangalore City North, Mangalore City South, Mangalore, Bantval, Puttur, Sullia",,,
,,18,Chitradurga,"Molakalmuru, Challakere, Chitradurga, Hiriyur, Hosadurga, Holalkere, Sira, Pavagada",SC,,
,,19,Tumkur,"Chikkanayakanahalli, Tiptur, Turuvekere, Tumkur City, Tumkur Rural, Koratagere, Gubbi, Madhugiri",,,
,,20,Mandya,"Malavalli, Maddur, Melukote, Mandya, Srirangapatna, Nagamangala, Krishnarajpet, Krishnarajanagara",,,
,,21,Mysore,"Madikeri, Virajpet, Piriyapatna, Hunsur, Chamundeshwari, Krishnaraja, Chamaraja, Narasimharaja.",,,
,,22,Chamarajanagar,"Heggadadevankote, Nanjangud, Varuna, T.Narasipur, Hanur, Kollegal, Chamarajanagar, Gundlupet",,,
,,23,Bangalore Rural,"Kunigal, Rajarajeshwarinagar, Bangalore South, Anekal, Magadi, Ramanagaram, Kanakapura, Channapatna",,,
,,24,Bangalore North,"K.R.Pura, Byatarayanapura, Yeshvanthapura, Dasarahalli, Mahalakshmi Layout, Malleshwaram, Hebbal, Pulakeshinagar",,,
,,25,Bangalore Central,"Sarvagnanagar, C.V. Raman Nagar, Shivajinagar, Shanti Nagar, Gandhi Nagar, Rajaji Nagar, Chamrajpet, Mahadevapura",,,
,,26,Bangalore South,"Govindraj Nagar, Vijay Nagar, Chickpet, Basavanagudi, Padmanaba Nagar, B.T.M. Layout, Jayanagar, Bommanahalli",,,
,,27,Chikkballapur,"Gauribidanur, Bagepalli, Chikkballapur, Yelahanka, Hosakote, Devanahalli, Doddaballapur, Nelamangala ",,,
,,28,Kolar,"Sidlaghatta, Chintamani, Srinivaspur, Mulbagal, Kolar Gold Field, Bangarapet, Kolar, Malur",SC,,
,,,,,,,
13,Kerala,1,Kasaragod,"Manjeshwar, Kasaragod, Udma, Kanhangad, Trikaripur, Payyannur, Kalliasseri",,,
,,2,Kannur,"Taliparamba, Irikkur, Azhikode, Kannur, Dharmadam, Mattannur, Peravoor",,,
,,3,Vadakara,"Thalassery , Kuthuparamba, Vadakara, Kuttiadi, Nadapuram, Quilandy, Perambra",,,
,,4,Wayanad,"Mananthavady, Sulthanbathery Kalpetta, Thiruvambadi, Ernad Nilambur, Wandoor",,,
,,5,Kozhikode,"Balusseri, Elathur, Kozhikode North, Kozhikode South, Beypore, Kunnamangalam, Koduvally",,,
,,6,Malappuram,"Kondotty, Manjeri, Perinthalmanna, Mankada,Malappuram, Vengara, Vallikkunnu",,,
,,7,Ponnani,"Tirurangadi, Tanur, Tirur , Kottakkal, Thavanur, Ponnani, Thrithala",,,
,,8,Palakkad,"Pattambi, Shoranur, Ottappalam, Kongad, Mannarkkad, Malampuzha, Palakkad",,,
,,9,Alathur,"Tarur, Chittur, Nemmara, Alathur, Chelakkara, Kunnamkulam, Wadakkanchery",SC,,
,,10,Thrissur,"Guruvayoor, Manalur, Ollur, Thrissur, Nattika, Irinjalakuda, Pudukkad",,,
,,11,Chalakudy,"Kaipamangalam, Chalakudy, Kodungallur, Perumbavoor, Angamaly , Aluva, Kunnathunad",,,
,,12,Ernakulam,"Kalamassery, Paravur, Vypeen, Kochi, Tripunithura, Ernakulam, Thrikkakara",,,
,,13,Idukki,"Muvattupuzha, Kothamangalam, Devikulam, Udumbanchola Thodupuzha, Idukki, Peerumade",,,
,,14,Kottayam,"Piravom, Pala, Kaduthuruthy, Vaikom, Ettumanoor, Kottayam, Puthuppally",,,
,,15,Alappuzha,"Aroor , Cherthala, Alappuzha, Ambalappuzha, Haripad, Kayamkulam, Karunagappally",,,
,,16,Mavelikkara,"Changanassery, Kuttanad, Mavelikkara, Chengannur, Kunnathur, Kottarakkara, Pathanapuram",SC,,
,,17,Pathanamthitta,"Kanjirappally, Poonjar, Thiruvalla, Ranni, Aranmula, Konni, Adoor",,,
,,18,Kollam,"Chavara, Punalur, Chadayamangalam, Kundara, Kollam, Eravipuram, Chathannoor",,,
,,19,Attingal,"Varkala, Attingal, Chirayinkeezhu, Nedumangad, Vamanapuram, Aruvikkara, Kattakkada",,,
,,20,Thiruvananthapuram,"Kazhakkoottam, Vattiyoorkavu, Thiruvananthapuram, Nemom, Parassala, Kovalam, Neyyattinkara",,,
,,,,,,,
14,Madhya Pradesh,1,Morena,"Sheopur, Vijaypur, Sabalgarh, Joura, Sumawali, Morena, Dimani, Ambah",,,
,,2,Bhind,"Ater, Bhind, Lahar, Mehgaon, Gohad, Sewda, Bhander, Datia",SC,,
,,3,Gwalior,"Gwalior Rural, Gwalior, Gwalior East, Gwalior South, Bhitarwar, Dabra, Karera, Pohari",,,
,,4,Guna,"Shivpuri, Pichhore, Kolaras, Bamori, Guna, Ashok Nagar, Chanderi, Mungaoli",,,
,,5,Sagar,"Bina, Khurai, Surkhi, Naryoli, Sagar, Kurwai, Sironj, Shamshabad",,,
,,6,Tikamgarh,"Tikamgarh, Jatara, Prithvipur, Niwari, Khargapur, Maharajpur, Chhatarpur, Bijawar",SC,,
,,7,Damoh,"Deori, Rehli, Banda, Malhara, Pathariya, Damoh, Jabera, Hatta",,,
,,8,Khajuraho,"Chandla, Rajnagar, Pawai, Gunnaor, Panna, Vijayraghavgarh, Murwara, Bahoriband",,,
,,9,Satna,"Chitrakoot, Raigaon, Satna, Nagod, Maihar, Amarpatan, Rampur-Baghelan",,,
,,10,Rewa,"Sirmour, Semariya, Teonthar, Mauganj, Deotalab, Mangawan, Rewa, Gurh",,,
,,11,Sidhi,"Churhat, Sidhi, Sihawal, Chitrangi, Singrauli, Devsar, Dhauhani, Beohari",,,
,,12,Shahdol,"Jaisingnagar, Jaitpur, Kotma, Anuppur, Pushprajgarh, Bandhavgarh, Manpur, Barwara",ST,,
,,13,Jabalpur,"Patan, Bargi, Jabalpur Purba, Jabalpur Uttar, Jabalpur Cantt., Jabalpur Paschim, Panagar, Sihora",,,
,,14,Mandla,"Shahpura, Dindori, Bichhiya, Niwas, Mandla, Keolari, Lakhnadon, Gotegaon",ST,,
,,15,Balaghat,"Baihar, Lanji, Paraswada, Balaghat, Waraseoni, Katangi, Barghat, Seoni",,,
,,16,Chhindwara,"Junnardeo, Amarwara, Churai, Saunsar, Chhindwara, Parasi, Pandhurna",,,
,,17,Hoshangabad,"Narsingpur, Tendukheda, Gadarwara, Seoni-Malwa, Hoshangabad, Sohagpur, Pipariya, Udaipura",,,
,,18,Vidisha,"Bhojpur, Sanchi, Silwani, Vidisha, Basoda, Budhni, Ichhawar, Khategaon",,,
,,19,Bhopal,"Berasia, Bhopal Uttar, Narela, Bhopal Dakshin-Paschim, Bhopal Madhya, Govindpura, Huzur, Sehore",,,
,,20,Rajgarh,"Chachoura, Raghogarh, Narsinghgarh, Biaora, Rajgarh, Khilchipur, Sarangpur, Susner",,,
,,21,Dewas,"Ashta, Agar, Shajapur, Shujalpur, Kalapipal, Sonkatch, Dewas, Hatpipliya",SC,,
,,22,Ujjain,"Nagada-Khachrod, Mahidpur, Tarana, Ghatiya, Ujjain Uttar, Ujjain Dakshin, Badnagar, Alot",SC,,
,,23,Mandsour,"Jaora, Mandsour, Malhargarh, Suwasra, Garoth, Manasa, Neemuch, Jawad",,,
,,24,Ratlam,"Alirajpur, Jobat, Jhabua, Thandla, Petlawad, Ratlam Rural, Ratlam City, Sailana",ST,,
,,25,Dhar,"Sardarpur, Gandhwani, Kukshi, Manawar, Dharampuri, Dhar, Badnawar, Dr. Ambedkar Nagar-Mhow",ST,,
,,26,Indore,"Debalpur, Indore-1, Indore-2, Indore-3, Indore-4, Indore-5, Rau, Sanwer",,,
,,27,Khargone,"Maheshwar, Kasrawad, Khargone, Bhagwanpura, Sendhawa, Rajpur, Pansemal, Badwani",ST,,
,,28,Khandwa,"Bagali, Mandhata, Khandwa, Pandhana, Nepanagar, Burhanpur, Bikhangaon, Badwah",,,
,,29,Betul,"Multai, Amla, Betul, Ghoradongri, Bhainsdehi, Timarni, Harda, Harsud ",ST,,
,,,,,,,
15,Maharashtra,1,Nandurbar,"Akkalkuwa, Shahada, Nandurbar, Nawapur, Sakri, Shirpur",ST,,
,,2,Dhule,"Dhule Rural, Dhule City, Sindkheda, Malegaon Central, Malegaon Outer, Baglan",,,
,,3,Jalgaon,"Jalgaon City, Jalgaon Rural, Amalner, Erandol, Chalisgaon, Pachora",,,
,,4,Raver,"Chopda, Raver, Bhusawal, Jamner, Muktainagar, Malkapur",,,
,,5,Buldhana,"Buldhana, Chikhli, Sindkhed Raja, Mehkar, Khamgaon, Jalgaon (Jamod)",,,
,,6,Akola,"Akot, Balapur, Akola West, Akola East, Murtizapurand Risod",,,
,,7,Amravati,"Badnera, Amravati, Teosa, Daryapur, Melghat, Achalpur",SC,,
,,8,Wardha,"Dhamangaon Railway, Morshi, Arvi, Deoli, Hinganghat, Wardha",,,
,,9,Ramtek,"Katol, Savner, Hingna, Umred, Kamthi, Ramtek",SC,,
,,10,Nagpur,"Nagpur South West, Nagpur South, Nagpur East, Nagpur Central, Nagpur West, Nagpur North ",,,
,,11,Bhandara-Gondiya,"Tumsar, Bhandara, Sakoli, Arjuni-Morgaon, Tirora, Gondiya",,,
,,12,Gadchiroli-Chimur,"Amgaon, Armori, Gadchiroli, Aheri, Brahmapuri, Chimur",ST,,
,,13,Chandrapur,"Rajura, Chandrapur, Ballarpur Warora, Wani, Arni",,,
,,14,Yavatmal-Washim,"Washim, Karanja, Ralegaon, Yavatmal, Digras, Pusad",,,
,,15,Hingoli,"Umarkhed, Kinwat, Hadgaon, Basmath, Kalamnuri, Hingoli",,,
,,16,Nanded,"Bhokar, Nanded North, Nanded South, Naigaon, Deglurand Mukhed",,,
,,17,Parbhani,"Jintur, Parbhani , Gangakhed Pathri, Partur, Ghansawangi",,,
,,18,Jalna,"Jalna, Badnapur, Bhokardan, Sillod, Phulambri, Paithan",,,
,,19,Aurangabad,"Kannad, Aurangabad Central, Aurangabad West, Aurangabad East, Gangapur, Vaijapur",,,
,,20,Dindori,"Nandgaon, Kalwan, Chandvad, Yevla, Niphad, Dindori",ST,,
,,21,Nashik,"Sinnar, Nashik East, Nashik Central, Nashik West, Deolaliand Igatpuri",,,
,,22,Palghar,"Dahanu, Vikramgad, Palghar, Boisar, Nalasopara, Vasai",ST,,
,,23,Bhiwandi,"hiwandi Rural, Shahapur, Bhiwandi West, Bhiwandi East, Kalyan West, Murbad",,,
,,24,Kalyan,"Ambernath, Ulhas Nagar, Kalyan East, Dombivali, Kalyan Rural, Mumbra-Kalwa",,,
,,25,Thane,"Mira Bhayandar, Ovala-Majiwada, Kopri-Pachpakhadi, Thane, Airoli, Belapur",,,
,,26,Mumbai North,"Borivali, Dahisar, Magathane, Kandivali East, Charkop, Malad West",,,
,,27,Mumbai North-West,"Jogeshwari East, Dindoshi, Goregaon, Versova, Andheri West, Andheri East",,,
,,28,Mumbai North-East,"Mulund, Vikhroli, Bhandup West, Ghatkopar West, Ghatkopar East, Mankhurd Shivaji Nagar",,,
,,29,Mumbai North-Central,"Vile Parle, Chandivali, Kurla, Vandre East, Vandre West, Kalina",,,
,,30,Mumbai South-Central,"Anushakti Nagar, Chembur, Dharavi, Sion Koliwada, Wadala, Mahim",,,
,,31,Mumbai South,"Worli, Shivadi , Byculla, Malabar Hill, Mumbadevi Colaba",,,
,,32,Raigad,"Pen, Alibag, Shrivardhan Mahad, Dapoli, Guhagar",,,
,,33,Maval,"Panvel, Karjat, Uran, Maval, Chinchwad, Pimpri",,,
,,34,Pune,"Vadgaon Sheri, Shivajinagar, Kothrud, Parvati, Pune Cantonment, Kasba Peth",,,
,,35,Baramati,"Daund , Indapur, Baramati, Purandar, Bhor, Khadakwasala",,,
,,36,Shirur,"Junnar, Ambegaon, Khed Alandi, Shirur, Bhosari, Hadapsar",,,
,,37,Ahmednagar,"Shevgaon, Rahuri, Parner, Ahmednagar City, Shrigonda, Karjat Jamkhed",,,
,,38,Shirdi,"Akole, Sangamner, Shirdi, Kopargaon, Shrirampur, Nevasa",SC,,
,,39,Beed,"Georai, Majalgaon, Beed Ashti, Kaij, Parli",,,
,,40,Osmanabad,"Ausa, Umarga, Tuljapur, Osmanabad, Paranda, Barshi",,,
,,41,Latur,"Latur Rural, Latur City, Ahmadpur Udgir, Nilanga, Loha",SC,,
,,42,Solapur,"Mohol, Solapur City North, Solapur City Central, Akkalkot, Solapur South, Pandharpur",SC,,
,,43,Madha,"Karmala, Madha, Sangole, Malshiras, Phaltanand Man",,,
,,44,Sangli,"Miraj, Sangli, Palus-Kadegaon, Khanapur, Tasgaon-Kavathe Mahankal, Jat",,,
,,45,Satara,"Wai, Koregaon, Karad North, Karad South, Patan, Satara",,,
,,46,Ratnagiri–Sindhudurg,"Chiplun, Ratnagiri, Rajapur, Kankavli, Kudal, Sawantwadi",,,
,,47,Kolhapur,"Chandgad, Radhanagari, Kagal, Kolhapur South, Karvir, Kolhapur North",,,
,,48,Hatkanangle,"Shahuwadi, Hatkanangle, Ichalkaranji, Shirol, Islampur, Shirala",,,
,,,,,,,
16,Manipur,1,Inner Manipur,"Khundrakpam, Heingang, Khurai, Khetrigao, Thongju, Keirao, Andro, Lamlai, Thangmeiband, Uripok, Sagolband, Keisamthong, Singjamei, Yaiskul, Wangkhei, Sekmai, Lamsang, Konthoujam, Patsoi, Langthabal, Naoriya Pakhanglakpa, Wangoi, Mayang Imphal, Nambol, Oinam, Bishenpur, Moirang, Thanga, Kumbi, Lilong, Thoubal, Wangkhem",,,
,,2,Outer Manipur,"Heirok, Wanging Tentha, Khangabok, Wabgai, Kakching, Hiyanglam, Sugnoo, Jiribam, Chandel, Tengnoupal, Phungyar, Ukhrul, Chingai, Saikul, Karong, Mao, Tadubi, Kangpokpi, Saitu, Tamei, Tamenglong, Nungba, Tipaimukh, Thanlon, Henglep, Churachandpur, Saikotand Singhat",ST,,
,,,,,,,
17,Meghalaya,1,Shillong,"Nartiang, Jowai, Raliang, Mowkaiaw, Sutnga-Saipung, Khliehriat, Amlarem, Mawhati, Nongpoh, Jirang, Umsning, Umroi, Mawryngkneng, Pynthorumkhrah, Mawlai, East Shillong, North Shillong, West Shillong, South Shillong, Mylliem, Nongthymmai, Nongkrem, Sohiong, Mawphlang, Mawsynram, Shella, Pynursla, Sohra, Mawkynrew, Mairang, Mawthadraishan, Nongstoin, Rambrai Jyrngam, Mawshynrut, Ranikor, Mawkyrwat",ST,,
,,2,Tura,"Kharkutta, Mendipathar, Resubelpara, Bajengdoba, Songsak, Rongjeng, William Nagar, Raksamgre, Tikrikila, Phulbari, Rajabala, Selsella, Dadenggre, North Tura, SouthTura, Rangsakona, Ampati, Mahendraganj, Salmanpara, Gambegre, Dalu, Rongara-Siju, Chokpot, Baghmara",ST,,
,,,,,,,
18,Mizoram,1,Mizoram,The entire area of the State of Mizoram,ST,,
,,,,,,,
19,Nagaland,1,Nagaland,The entire area of the State of Nagaland,,,
,,,,,,,
20,Odisha,1,Bargarh,"Padampur, Bijepur, Bargarh, Attabira, Bhatli, Brajarajnagar Jharsuguda",,,
,,2,Sundargarh,"Talsara, Sundargarh, Biramitrapur, Raghunathpali, Rourkela, Rajgangapur, Bonai",ST,,
,,3,Sambalpur,"Kuchinda, Rengali, Sambalpur, Rairakhol, Deogarh Chhendipada, Athamallik",,,
,,4,Keonjhar,"Telkoi, Ghasipura, Anandapur, Patna, Keonjhar, Champua, Karanjia",ST,,
,,5,Mayurbhanj,"Jashipur, Saraskana, Rairangpur, Bangriposi, Udala, Baripada, Morada",ST,,
,,6,Balasore,"Badasahi, Jaleswar, Bhograi, Basta, Balasore, Remuna, Nilgiri",,,
,,7,Bhadrak,"Soro, Simulia, Bhandaripokhari, Bhadrak, Basudevpur, Dhamnagar, Chandabali",SC,,
,,8,Jajpur,"Binjharpur, Bari, Barachana, Dharmasala, Jajpur, Korei, Sukinda",SC,,
,,9,Dhenkanal,"Dhenkanal, Hindol, Kamakhyanagar, Parjanga, Pallahara, Talcher, Angul",,,
,,10,Bolangir,"Birmaharajpur, Sonepur, Loisingha, Patnagarh, Bolangir, Titlagarh, Kantabanji",,,
,,11,Kalahandi,"Nuapada, Khariar, Lanjigarh, Junagarh, Dharmgarh, Bhawanipatna, Narla",,,
,,12,Nabarangpur,"Umarkote, Jharigam, Nabarangpur, Dabugam, Kotpad, Malkangiri, Chitrakonda",ST,,
,,13,Kandhamal,"Baliguda, GUdayagiri, Phulbani, Kantamal, Boudh, Daspalla, Bhanjanagar",,,
,,14,Cuttack,"Baramba, Banki, Athagarh, Barabati-Cuttack, Choudwar-Cuttack, Cuttack Sadar, Khandapada",,,
,,15,Kendrapara,"Salipur, Mahanga, Patkura, Kendrapara, Aul, Rajanagar, Mahakalapada",,,
,,16,Jagatsinghpur,"Niali, Paradeep, Tirtol, Balikuda-Erasama, Jagatsinghpur, Kakatpur, Nimapara",SC,,
,,17,Puri,"Puri, Brahmagiri, Satyabadi, Pipili, Chilika, Ranpur, Nayagarh",,,
,,18,Bhubaneswar,"Jayadev, Bhubaneswar Central (Madhya), Bhubaneswar North (Uttar), Ekamra-Bhubaneswar, Jatani, Begunia, Khurda",,,
,,19,Aska,"Polasara, Kabisuryanagar, Khalikote, Aska, Surada, Sanakhemundi, Hinjili",,,
,,20,Berhampur,"Chhatrapur, Gopalpur, Berhampur, Digapahandi, Chikiti, Mohana, Paralakhemundi",,,
,,21,Koraput,"Gunupur, Bissam Cuttack, Rayagada, Laxmipur, Jeypore, Koraput, Pottangi",ST,,
,,,,,,,
21,Punjab,1,Gurdaspur,"Sujanpur, Bhoa, Pathankot, Gurdaspur, Dina Nagar, Qadian, Batala, Fatehgarh Churian, Dera Baba Nanak",,,
,,2,Amritsar,"Ajnala, Raja Sansi, Majitha, Amritsar North, Amritsar West, Amritsar Central, Amritsar East, Amristar South, Attari",,,
,,3,Khadoor Sahib,"Jandiala, Tarn Taran, Khem Karan, Patti, Khadoor Sahib, Baba Bakala, Kapurthala, Sultanpur Lodhi, Zira",,,
,,4,Jalandhar,"Phillaur, Nakodar, Shahkot, Kartarpur, Jalandhar West, Jalandhar Central, Jalandhar North, Jalandhar Cantt., Adampur",SC,,
,,5,Hoshiarpur,"Sri Hargobindpur, Bholath, Phagwara, Mukerian, Dasuya, Urmar, Sham Chaurasi, Hoshiarpur, Chabbewal",SC,,
,,6,Anandpur Sahib,"Garhshankar, Banga, Nawan Shahr, Balachaur, Anandpur Sahib, Rupnagar, Chamkaur Sahib, Kharar, S.A.S Nagar",,,
,,7,Ludhiana,"Ludhiana East, Ludhiana South, Atam Nagar, Ludhiana Central, Ludhiana West, Ludhiana North, Gill, Dakha, Jagraon",,,
,,8,Fatehgarh Sahib,"Bassi Pathana, Fatehgarh Sahib, Amloh, Khanna, Samrala, Sahnewal, Payal, Raikot, Amargarh",SC,,
,,9,Faridkot,"Nihal Singhwala, Bhagha Purana, Moga, Dharamkot, Giddarbaha, Faridkot, Kotkapura, Jaitu, Rampura Phul",SC,,
,,10,Firozpur,"Firozpur City, Firozpur Rural, Guru Har Sahai, Jalalabad, Fazilka, Abohar, Balluana, Malout, Muktsar",,,
,,11,Bathinda,"Lambi, Bhucho Mandi, Bathinda Urban, Bathinda Rural, Talwandi Sabo, Maur, Mansa, Sardulgarh, Budhlada",,,
,,12,Sangrur,"Lehra, Dirba, Sunam, Bhadaur, Barnala, Mehal Kalan, Malerkotla, Dhuri, Sangrur",,,
,,13,Patiala,"Nabha, Patiala Rural, Rajpura, Dera Bassi, Ghanaur, Sanour, Patiala, Samana, Shutrana",,,
,,,,,,,
22,Rajasthan,1,Ganganagar,"Sadulshahar, Ganganagar, Karanpur, Suratgarh, Raisinghnagar, Sangaria, Hanumangarh, Pilibanga",SC,,
,,2,Bikaner,"Anupgarh, Khajuwala, Bikaner West, Bikaner East, Kolayat, Lunkaransar, Dungargarh, Nokha",SC,,
,,3,Churu,"Nohar, Bhadra, Sadulpur, Taranagar, Sardarshahar, Churu, Ratangarh, Sujangarh",,,
,,4,Jhunjhunu,"Pilani, Surajgarh, Jhunjhunu, Mandawa, Nawalgarh, Udaipurwati, Khetri, Fatehpur",,,
,,5,Sikar,"Lachhmangarh, Dhod, Sikar, Danta Ramgarh, Khandela, Neem Ka Thana, Srimadhopur, Chomu",,,
,,6,Jaipur Rural,"Kotputli, Viratnagar, Shahpura, Phulera, Jhotwara, Amber, Jamwa Ramgarhand Bansur",,,
,,7,Jaipur,"Hawa Mahal, Vidhyadhar Nagar, Civil Lines, Kishan Pole, Adarsh Nagar, Malviya Nagar, Sanganer, Bagru",,,
,,8,Alwar,"Tijara, Kishangarh Bas, Mundawar, Behror, Alwar Rural, Alwar Urban, Ramgarh, Rajgarh-Laxmangarh",,,
,,9,Bharatpur,"Kathumar, Kaman, Nagar, Deeg-Kumher, Bharatpur, Nadbai, Weirand Bayana",SC,,
,,10,Karauli-Dholpur,"Baseri, Bari, Dholpur, Rajakhera, Todabhim, Hindaun, Karauli, Sapotra",SC,,
,,11,Dausa,"Bassi, Chaksu, Thanagazi, Bandikui, Mahuwa, Sikrai, Dausa, Lalsot",ST,,
,,12,Tonk-Sawai,"Gangapur, Bamanwas, Sawai Madhopur, Khandar, Malpura, Niwai, Tonk, Deoli-Uniara",,,
,,13,Madhopur,"Dudu, Kishangarh, Pushkar, Ajmer North, Ajmer South, Nasirabad, Masuda, Kekri",,,
,,14,Ajmer,"Ladnun, Deedwana, Jayal, Nagaur, Khinvsar, Makrana, Parbatsar, Nawan",,,
,,15,Nagaur,"Sojat, Pali, Marwar Junction, Bali, Sumerpur, Osian, Bhopalgarh, Bilara",,,
,,16,Pali,"Phalodi, Lohawat, Shergarh, Sardarpura, Jodhpur, Soorsagar, Luni, Pokaran",,,
,,17,Jodhpur,"Jaisalmer, Sheo, Barmer, Baytoo, Pachpadra, Siwana, Gudha Malani, Chohtan",,,
,,18,Barmer,"Ahore, Jalore, Bhinmal, Sanchore, Raniwara, Sirohi, Pindwara-Abuand Reodar",,,
,,19,Jalore,"Gogunda, Jhadol, Kherwara, Udaipur Rural, Udaipur, Salumber, Dhariawad, Aspur",ST,,
,,20,Udaipur,"Dungarpur, Sagwara, Chorasi, Ghatol, Garhi, Banswara, Bagidora, Kushalgarh",ST,,
,,21,Banswara,"Mavli, Vallabhnagar, Kapasan, Begun, Chittorgarh, Nimbahera, Bari Sadri, Pratapgarh",,,
,,22,Chittorgarh,"Beawar, Merta, Degana, Jaitaran, Bhim, Kumbhalgarh, Rajsamand, Nathdwara",,,
,,23,Rajsamand,"Asind, Mandal, Sahara, Bhilwara, Shahpura, Jahazpur, Mandalgarh, Hindoli",,,
,,24,Bhilwara,"Keshoraipatan, Bundi, Pipalda, Sangod, Kota North, Kota South, Ladpura, Ramganj Mandi",,,
,,25,Kota,"Anta, Kishanganj, Baran-Atru, Chhabra, Dag, Jhalrapatan, Khanpur, Manohar Thana",,,
,,,,,,,
23,Sikkim,1,Sikkim,The entire area of the State of Sikkim,,,
,,,,,,,
24,Tamil Nadu,1,Tiruvallur,"Gummidipoondi, Ponneri, Tiruvallur, Poonamallee, Avadi, Madavaram",SC,,
,,2,Chennai North,"Tiruvottiyur, Dr.Radhakrishnan Nagar, Perambur, Kolathur, Thiru-Vi-Ka-Nagar, Royapuram",,,
,,3,Chennai South,"Virugambakkam, Saidapet, Thiyagarayanagar, Mylapore, Velachery, Sholinganallur",,,
,,4,Chennai Central,"Villivakkam, Egmore, Harbour, Chepauk-Thiruvallikeni, Thousand Lights, Anna Nagar",,,
,,5,Sriperumbudur,"Maduravoyal, Ambattur, Alandur, Sriperumbudur, Pallavaram, Tambaram",,,
,,6,Kancheepuram,"Chengalpattu, Thiruporur, Cheyyur, Madurantakam, Uthiramerur, Kancheepuram",SC,,
,,7,Arakkonam,"Tiruttani, Arakkonam, Sholingur, Katpadi, Ranipet, Arcot",,,
,,8,Vellore,"Vellore, Anaikattu, Kilvaithinankuppam, Gudiyattam, Vaniyambadi, Ambur",,,
,,9,Krishnagiri,"Uthangarai, Bargur, Krishnagiri, Veppanahalli, Hosur, Thalli",,,
,,10,Dharmapuri,"Palacodu, Pennagaram, Dharmapuri, Pappireddippatti, Harurand Mettur",,,
,,11,Tiruvannamalai,"Jolarpet, Tiruppattur, Chengam, Tiruvannamalai, Kilpennathur, Kalasapakkam",,,
,,12,Arani,"Polur, Arani, Cheyyar, Vandavasi, Gingee, Mailam",,,
,,13,Viluppuram,"Tindivanam, Vanur, Viluppuram, Vikravandi, Tirukkoyilur, Ulundurpettai",SC,,
,,14,Kallakurichi,"Rishivandiyam, Sankarapuram, Kallakurichi, Gangavalli, Attur, Yercaud",,,
,,15,Salem,"Omalur, Edappadi, Salem (West), Salem (North), Salem (South), Veerapandi",,,
,,16,Namakkal,"Sankari, Rasipuram, Senthamangalam, Namakkal, Paramathi-Velur, Tiruchengodu",,,
,,17,Erode,"Kumarapalayam, Erode (East), Erode (West), Modakkurichi, DharapuramandKangayam",,,
,,18,Tiruppur,"Perundurai, Bhavani, Anthiyur, Gobichettipalayam, Tiruppur (North), Tiruppur (South)",,,
,,19,Nilgiris,"Bhavanisagar, Udhagamandalam, Gudalur, Coonoor, Mettuppalayam, Avanashi",SC,,
,,20,Coimbatore,"Palladam, Sulur, Kavundampalayam, Coimbatore (North), Coimbatore (South), Singanallur",,,
,,21,Pollachi,"Thondamuthur, Kinathukadavu, Pollachi, Valparai, Udumalaipettai, Madathukulam",,,
,,22,Dindigul,"Palani, Oddanchatram, Attur, Nilakkottai, Natham, Dindigul",,,
,,23,Karur,"Vedasandur, Aravakurichi, Karur, Krishnarayapuram, Manapparai, Viralimalai",,,
,,24,Tiruchirappalli,"Srirangam, Tiruchirappalli (West), Tiruchirappalli (East), Thiruverumbur, Gandarvakottai, Pudukkottai",,,
,,25,Perambalur,"Kulithalai, Lalgudi, Manachanallur Musiri, Thuraiyur, Perambalur",,,
,,26,Cuddalore,"Tittakudi, Vriddhachalam, Neyveli, Panruti, Cuddalore, Kurinjipadi",,,
,,27,Chidambaram,"Kunnam, Ariyalur, Jayankondam, Bhuvanagiri, Chidambaram, Kattumannarkoil",SC,,
,,28,Mayiladuthurai,"Sirkazhi, Mayiladuthurai, Poompuhar, Thiruvidaimarudur, Kumbakonam, Papanasam",,,
,,29,Nagapattinam,"Nagapattinam, Kilvelur, Vedaranyam, Thiruthuraipoondi, Thiruvarur, Nannilam",SC,,
,,30,Thanjavur,"Mannargudi, Thiruvaiyaru, Thanjavur, Orathanadu, Pattukkottai, Peravurani",,,
,,31,Sivaganga,"Thirumayam, Alangudi, Karaikudi, Tiruppattur, Sivaganga, Manamadurai",,,
,,32,Madurai,"Melur, Madurai East, Madurai North, Madurai South, Madurai Central, Madurai West",,,
,,33,Theni,"Sholavandan, Usilampatti, Andipatti, Periyakulam, Bodinayakanur, Cumbum",,,
,,34,Virudhunagar,"Thiruparankundram, Tirumangalam, Sattur, Sivakasi, Virudhunagar, Aruppukkottai",,,
,,35,Ramanathapuram,"Aranthangi, Tiruchuli, Paramakudi, Tiruvadanai, Ramanathapuram, Mudhukulathur",,,
,,36,Thoothukkudi,"Vilathikulam, Thoothukkudi, Tiruchendur, Srivaikuntam, Ottapidaramand Kovilpatti",,,
,,37,Tenkasi,"Rajapalayam, Srivilliputhur, Sankarankovil, Vasudevanallur, Kadayanallur, Tenkasi",SC,,
,,38,Tirunelveli,"Alangulam, Tirunelveli, Ambasamudram, Palayamkottai, Nanguneri, Radhapuram",,,
,,39,Kanniyakumari,"Kanniyakumari, Nagercoil, Colachel, Padmanabhapuram, Vilavancode, Killiyoor",,,
,,,,,,,
25,Tripura,1,Tripura West,"Simna, Mohanpur, Bamutia, Barjala, Khayerpur, Agartala, Ramnagar, Town Bordowali, Banamalipur, Majlishpur, Mandaibazar, Takarjala, Pratapgarh, Badharghat, Kamalasagar, Bishalgarh, Golaghati, Suryamaninagar, Charilam, Boxanagar, Nalchar, Sonamura, Dhanpur, Bagma, Radhakishorepur, Matarbari, Kakraban-Salgarh, Rajnagar, Belonia, Santirbazar",,,
,,2,Tripura East,"Ramchandraghat, Khowai, Asharambari, Kalyanpur-Pramodenagar, Teliamura, Krishnapur, Hrishyamukh, Jolaibari, Manu, Sabroom, Ampinagar, Amarpur, Karbook, Raima Valley, Kamalpur, Surma, Ambassa, Karamchhara, Chhawmanu, Pabiachhara, Fatikroy, Chandipur, Kailasahar, Kadamtala-Kurti, Bagbassa, Dharmanagar, Jubarajnagar, Panisagar, Penchathal, Kanchanpur",ST,,
,,,,,,,
26,Uttar Pradesh,1,Saharanpur,"Behat, Saharanpur Nagar, Saharanpur, Deoband, Rampur Maniharan",,,
,,2,Kairana,"Nakur, Gangoh, Kairana, Thana Bhawan, Shamli",,,
,,3,Muzaffarnagar,"Budhana, Charthawal, Muzaffar Nagar, Khatauli, Sardhana",,,
,,4,Bijnor,"Purqazi, Meerapur, Bijnor, Chandpur, Hastinapur",,,
,,5,Nagina,"Najibabad, Nagina, Dhampur, Nehtaur, Noorpur",SC,,
,,6,Moradabad,"Barhapur, Kanth, Thakurdwara, Moradabad Rural, Moradabad Nagar",,,
,,7,Rampur,"Suar, Chamraua, Bilaspur, Rampur, Milak",,,
,,8,Sambhal,"Kundarki, Bilari, Chandausi, Asmoli, Sambhal",,,
,,9,Amroha,"Dhanaura, Naugawan Sadat, Amroha, Hasanpur, Garhmukteshwar",,,
,,10,Meerut,"Kithore, Meerut Cant., Meerut, Meerut South, Hapur",,,
,,11,Baghpat,"Siwalkhas, Chhaprauli, Baraut, Baghpat, Modi Nagar",,,
,,12,Ghaziabad,"Loni, Muradnagar, Sahibabad, Ghaziabad, Dhaulana",,,
,,13,Gautam Buddha Nagar,"Noida, Dadri, Jewar, Sikandrabad, Khurja",,,
,,14,Bulandshahr,"Bulandshahr, Syana, Anupshahr, Debai, Shikarpur",SC,,
,,15,Aligarh,"Khair, Baroli, Atrauli, Koil, Aligarh",,,
,,16,Hathras,"Chharra, Iglas, Hathras, Sadabad, Sikandra Rao",SC,,
,,17,Mathura,"Chhata, Mant, Goverdhan, Mathura, Baldev",,,
,,18,Agra,"Etmadpur, Agra Cantt., Agra South, Agra North, Jalesar",SC,,
,,19,Fatehpur Sikri,"Agra Rural, Fatehpur Sikri, Kheragarh, Fatehabad, Bah",,,
,,20,Firozabad,"Tundla, Jasrana, Firozabad, Shikohabad, Sirsaganj",,,
,,21,Mainpuri," Mainpuri, Bhongaon, Kishni, Karhal, Jaswantnagar",,,
,,22,Etah,"Kasganj, Amanpur, Patiyali, Etah, Marhara",,,
,,23,Badaun,"Gunnaur, Bisauli, Sahaswan, Bilsi, Badaun",,,
,,24,Aonla,"Shekhupur, Dataganj, Faridpur, Bithari Chainpur, Aonla",,,
,,25,Bareilly,"Meerganj, Bhojipura, Nawabganj, Bareilly, Bareilly Cantt.",,,
,,26,Pilibhit,"Baheri, Pilibhit, Barkhera, Puranpur, Bisalpur",,,
,,27,Shahjahanpur,"Katra, Jalalabad, Tilhar, Powayan, Shahjahanpur, Dadral",SC,,
,,28,Kheri,"Palia, Nighasan, Gola Gokrannath, Sri Nagar, Lakhimpur",,,
,,29,Dhaurahra,"Dhaurahra, Kasta, Mohammdi, Maholi, Hargaon",,,
,,30,Sitapur,"Sitapur, Laharpur, Biswan, Sevata, Mahmoodabad",,,
,,31,Hardoi,"Sawayazpur, Shahabad, Hardoi, Gopamau, Sandi",SC,,
,,32,Misrikh,"Misrikh, Bilgram-Mallanwan, Balamau, Sandila, Bilhaur",SC,,
,,33,Unnao,"Bangermau, Safipur, Mohan, Unnao, Bhagwantnagar, Purwa",,,
,,34,Mohanlalganj,"Sidhauli, Malihabad, Bakshi Kaa Talab, Sarojini Nagar, Mohanlalganj",SC,,
,,35,Lucknow,"Lucknow West, Lucknow North, Lucknow East, Lucknow Central, Lucknow Cantt.",,,
,,36,Rae Bareli,"Bachhrawan, Harchandpur, Rae Bareli, Sareni, Unchahar",,,
,,37,Amethi,"Tiloi, Salon, Jagdishpur, Gauriganj, Amethi",,,
,,38,Sultanpur,"Isauli, Sultanpur, Sadar, Lambhua, Kadipur",,,
,,39,Pratapgarh,"Rampur Khas, Vishwanath Ganj, Pratapgarh, Patti, Raniganj",,,
,,40,Farrukhabad,"Aliganj, Kaimganj, Amritpur, Farrukhabad, Bhojpur",,,
,,41,Etawah,"Etawah, Bharthana, Dibiyapur, Auraiya, Sikandra",SC,,
,,42,Kannauj,"Chhibramau, Tirwa, Kannauj, Bidhuna, Rasulabad",,,
,,43,Kanpur,"Govindnagar, Sishamau, Arya Nagar, Kidwai Nagar, Kanpur Cantt.",,,
,,44,Akbarpur,"Akbarpur-Raniya, Bithoor, Kalyanpur, Maharajpur, Ghatampur",,,
,,45,Jalaun,"Bhognipur, Madhaugarh, Kalpi, Orai, Garautha",SC,,
,,46,Jhansi,"Babina, Jhansi Nagar, Mauranipur, Lalitpur, Mehroni",,,
,,47,Hamirpur,"Hamirpur, Rath, Mahoba, Charkhari, Tindwari",,,
,,48,Banda,"Baberu, Naraini, Banda, Chitrakoot, Manikpur",,,
,,49,Fatehpur,"Jahanabad, Bindki, Fatehpur, Ayah Shah, Husainganj, Khaga",,,
,,50,Kaushambi,"Babaganj, Kunda, Sirathu, Manjhanpur, Chail",SC,,
,,51,Phulpur,"Phaphamau, Soraon, Phulpur, Allahabad West, Allahabad North",,,
,,52,Allahabad,"Meja, Karachhana, Allahabad South, Bara, Koraon",,,
,,53,Barabanki,"Kursi, Ram Nagar, Barabanki, Zaidpur, Haidergarh",SC,,
,,54,Faizabad,"Dariyabad, Rudauli, Milkipur, Bikapur, Ayodhya",,,
,,55,Ambedkar Nagar,"Goshainganj, Katehari, Tanda, Jalalpur, Akbarpur",,,
,,56,Bahraich,"Balha, Nanpara, Matera, Mahasi, Bahraich",SC,,
,,57,Kaiserganj,"Payagpur, Kaiserganj, Katra Bazar, Colonelganj, Tarabganj",,,
,,58,Shrawasti,"Bhinga, Shrawasti, Tulsipur, Gainsari, Balrampur",,,
,,59,Gonda,"Utraula, Mehnaun, Gonda, Mankapur, Gaura",,,
,,60,Domariyaganj,"Shohratgarh, Kapilvastu, Bansi, Itwa, Domariyaganj",,,
,,61,Basti,"Harraiya, Kaptanganj, Rudhauli, Basti Sadar, Mahadewa",,,
,,62,Sant Kabir Nagar,"Alapur, Menhdawal, Khalilabad, Dhanghata& Khajani",,,
,,63,Maharajganj,"Pharenda, Nautanwa, Siswa, Maharajganj, Paniyara",,,
,,64,Gorakhpur,"Caimpiyarganj, Pipraich, Gorakhpur Urban, Gorakhpur Rural, Sahajanwa",,,
,,65,Kushi Nagar,"Khadda, Padrauna, Kushinagar, Hata, Ramkola",,,
,,66,Deoria,"Tamkuhi Raj, Fazilnagar, Deoria, Pathardeva, Rampur Karkhana",,,
,,67,Bansgaon,"Chauri-Chaura, Bansgaon, Chillupar, Rudrapur, Barhaj",SC,,
,,68,Lalganj,"Atrauliya, Nizamabad, Phoolpur-Pawai, Didarganj, Lalganj",SC,,
,,69,Azamgarh,"Gopalpur, Sagri, Mubarakpur, Azamgarh, Mehnagar",,,
,,70,Ghosi,"Madhuban, Ghosi, Muhammadabad-Gohna, Mau, Rasara",,,
,,71,Salempur,"Bhatpar Rani, Salempur, Belthara Road, Sikanderpur, Bansdih",,,
,,72,Ballia," Phephana, Ballia Nagar, BairiaZahoorabad, Mohammadabad",,,
,,73,Jaunpur,"Badlapur, Shahganj, Jaunpur, Malhani, Mungra Badshahpur",,,
,,74,Machhlishahr,"Machhlishahr, Mariyahu, Zafrabad, Kerakat, Pindra",SC,,
,,75,Ghazipur,"Jakhanian, Saidpur, Ghazipur, Jangipur, Zamania",,,
,,76,Chandauli,"Mughalsarai, Sakaldiha, Saiyadraja, Ajagara, Shivpur",,,
,,77,Varanasi,"Rohaniya, Varanasi North, Varanasi South, Varanasi Cantt., Sevapuri",,,
,,78,Bhadohi,"Pratappur, Handia, Bhadohi, Gyanpur, Aurai",,,
,,79,Mirzapur,"Chhanbey, Mirzapur, Majhawan, Chunar, Marihan",,,
,,80,Robertsganj,"Chakia, Ghorawal, Robertsganj, Obra, Duddhi",SC,,
,,,,,,,
27,Uttarakhand,1,Tehri Garhwal,"Purola, Yamunotri, Gangotri, Ghanshali, Pratapnagar, Tehri, Dhanolti, Chakrata, Vikasnagar, Sahaspur, Raipur, Rajpur Road, Dehradun Cantt., Mussoorie",,,
,,2,Garhwal,"Badrinath, Tharali, Karnprayag, Kedarnath, Rudraprayag, Deoprayag, Narendranagar, Yamkeshwar, Pauri, Srinagar, Chaubattakhal, Lansdowne, Kotdwar, Ramnagar",,,
,,3,Almora,"Dharchula, Didihat, Pithoragarh, Gangolihat, Kapkote, Bageshwar, Dwarahat, Salt, Ranikhet, Someshwar, Almora, Jageshwar, Lohagat, Champawat",SC,,
,,4,Nainital-Udham Singh Nagar,"Lalkuwa, Bhimtal, Nainital, Haldwani, Kaladhungi, Jaspur, Kashipur, Bajpur, Gadarpur, Rudrapur, Kichha, Sitarganj, Nanak Matta, Khatima",,,
,,5,Hardwar,"Dharampur, Doiwala, Rishikesh, Hardwar, B.H.E.L Ranipur, Jwalapur, Bhagwanpur, Jhabrera, Pirankaliyar, Roorkee, Khanpur, Manglaur, Laksar, Hardwar Rural.",,,
,,,,,,,
28,West Bengal,1,Coochbehar,"Mathabhanga, Coochbehar Uttar, Coochbehar Dakshin, Sitalkuchi, Sitai, Dinhata, Natabari",,,
,,2,Alipurduars,"Tufanganj, Kumargram, Kalchini, Alipurduars, Falakata, Madarihat, Nagrakata",ST,,
,,3,Jalpaiguri,"Mekliganj, Dhupguri, Maynaguri, Jalpaiguri, Rajganj, Dabgram- Fulbari, Mal",SC,,
,,4,Darjeeling,"Kalimpong, Darjeeling, Kurseong, Matigara-Naxalbari, Siliguri, Phansidewa, Chopra",,,
,,5,Raiganj,"Islampur, Goalpokhar, Chakulia, Karandighi, Hemtabad, Kaliaganj, Raiganj",,,
,,6,Balurghat,"Itahar, Kushmandi, Kumarganj, Balurghat, Tapan, Gangarampur, Harirampur",,,
,,7,Maldaha Uttar,"Habibpur, Gazole, Chanchal, Harischandrapur, Malatipur, Ratua, Maldaha",,,
,,8,Maldaha,"Manikchak, English Bazar, Mothabari, Sujapur, Baisnabnagar, Farakka, Samserganj",,,
,,9,Jangipur,"Suti, Jangipur, Raghunathganj, Sagardighi, Lalgola, Nabagram, Khargram",,,
,,10,Baharampur,"Burwan, Kandi, Bharatpur, Rejinagar, Beldanga, Baharampur, Nowda",,,
,,11,Murshidabad,"Bhagawangola, Raninagar, Murshidabad, Hariharpara, Domkal, Jalangi, Karimpur",,,
,,12,Krishnanagar,"Tehatta, Palashipara, Kaliganj, Nakashipara, Chapra, Krishnanagar Uttar, Krishnanagar Dakshin",,,
,,13,Ranaghat,"Nabadwip, Santipur, Ranaghat Uttar Paschim, Krishnaganj, Ranaghat Uttar Purba, Ranaghat Dakshin, Chakdaha",SC,,
,,14,Bangaon,"Kalyani, Haringhata, Bagda, Bangaon Uttar, Bangaon Dakshin, Gaighata, Swarupnagar",SC,,
,,15,Barrackpur,"Amdanga, Bijpur, Naihati, Bhatpara, Jagatdal, Noapara, Barrackpur",,,
,,16,Dum Dum,"Khardaha, dum dum Uttar, Panihati, Kamarhati, Baranagar, dum dum, Rajarhat Gopalpur",,,
,,17,Barasat,"Habra, Ashoknagar, Rajarhat new Town, Bidhannagar, Madhyamgram, Barasat, Deganga",,,
,,18,Basirhat,"Baduria, Haroa, Minakhan, Sandeshkhali, Basirhat Dakshin, Basirhat Uttar, Hingalganj",,,
,,19,Jaynagar,"Gosaba, Basanti, Kultali, Jaynagar, Canning Paschim, Canning Purba, Magrahat Purba",SC,,
,,20,Mathurapur,"Patharpratima, Kakdwip, Sagar, Kulpi, Raidighi, Mandirbazar, Magrahat Paschim",SC,,
,,21,Diamond Harbour,"Diamond Harbour, Falta, Satgachhia, Bishnupur, Maheshtala, Budge Budge, Metiaburuz",,,
,,22,Jadavpur,"Baruipur Purba, Baruipur Paschim , Sonarpur Dakshin, Bhangar, Jadavpur, Sonarpur Uttar, Tollyganj",,,
,,23,Kolkata Dakshin,"Kasba, Behala Purba, Behala Paschim, Kolkata Port, Bhabanipur, Rashbehari, Ballygunge",,,
,,24,Kolkata Uttar,"Chowrangee, Entally, Beleghata, Jorasanko, Shyampukur, Maniktala, Kashipur-Belgachhia",,,
,,25,Howrah,"Bally, Howrah Uttar, Howrah Madhya, Shibpur, Howrah Dakshin, Sankrail, Panchla",,,
,,26,Uluberia,"Uluberia Purba, Uluberia Uttar, Uluberia Dakshin, Shyampur, Bagnan, Amta, Udaynarayanpur",,,
,,27,Sreerampur,"Jagatballavpur, Domjur, Uttarpara, Sreerampur, Champdani, Chanditala, Jangipara",,,
,,28,Hooghly,"Singur, Chandannagar, Chunchura, Balagarh, Pandua, Saptagram, Dhanekhali",,,
,,29,Arambag,"Haripal, Tarakeswar, Pursurah, Arambag, Goghat, Khanakul, Chandrakona",SC,,
,,30,Tamluk,"Tamluk, Panskura Purba, Moyna, Nandakumar, Mahisadal, Haldia, Nandigram",,,
,,31,Kanthi,"Chandipur, Patashpur, Kanthi Uttar, Bhagabanpur, Khejuri, Kanthi Dakshin, Ramnagar",,,
,,32,Ghatal,"Panskura Paschim, Sabang, Pingla, Debra, Daspur, Ghatal, Keshpur",,,
,,33,Jhargram,"Nayagram, Gopiballavpur, Jhargram, Garbeta, Salboni, Binpur, Bandwan",ST,,
,,34,Medinipur,"Egra, Dantan, Keshiary, Kharagpur Sadar, Narayangarh, Kharagpur, Medinipur",,,
,,35,Purulia,"Balarampur, Baghmundi , Joypur, Purulia, Manbazar, Kashipur, Para",,,
,,36,Bankura,"Raghunathpur, Saltora, Chhatna, Ranibandh,Raipur, Taldangra, Bankura",,,
,,37,Bishnupur,"Barjora, Onda, Bishnupur, Katulpur, Indus, Sonamukhi, Khandaghosh",SC,,
,,38,Bardhaman Purba,"Raina, Jamalpur, Kalna, Memari , Purbasthali Dakshin, Purbasthali Uttar, Katwa",SC,,
,,39,Bardhaman-Durgapur,"Bardhaman Dakshin, Monteswar, Bardhaman Uttar, Bhatar, Galsi, Durgapur Purba, Durgapur Paschim",,,
,,40,Asansol,"Pandabeswar, Raniganj, Jamuria, Asansol Dakshin, Asansol Uttar, Kulti, Barabani",,,
,,41,Bolpur,"Ketugram, Mangalkot, Ausgram, Bolpur, Nanoor, Labpur, Mayureswar",SC,,
,,42,Birbhum,"Dubrajpur, Suri, Sainthia, Rampurhat, Hansan, Nalhati, Murarai",,,
,,,,,,,
29,NCT of Delhi,1,Chandni Chowk,"Adarsh Nagar, Shalimar Bagh, Shakur Basti, Tri Nagar, Wazirpur, Model Town, Sadar Bazar, Chandni Chowk, Matia Mahal, Ballimaran",,,
,,2,North East Delhi,"Burari, Timarpur, Seemapuri, Rohtas Nagar, Seelam Pur, Ghonda, Babarpur, Gokalpur, Mustafabad, Karawal Nagar",,,
,,3,East Delhi,"Jangpura, Okhla, Trilokpuri, Kondli, Patparganj, Laxmi Nagar, Vishwas Nagar, Krishna Nagar, Gandhi Nagar, Shahdara",,,
,,4,New Delhi,"Karol Bagh, Patel Nagar, Moti Nagar, Delhi Cantt., Rajinder Nagar, New Delhi, Kasturba Nagar, Malviya Nagar, R.K. Puram, Greater Kailash",,,
,,5,North West Delhi,"Nerela, Badli, Rithala, Bawana, Mundka, Kirari, Sultan Pur Majra, Nangloi Jat, Mangol Puri, Rohini",SC,,
,,6,West Delhi,"Madipur, RajouriGarden, Hari Nagar, Tilak Nagar, Janakpuri, Vikaspuri, Uttam Nagar, Dwarka, Matiala, Najafgarh",,,
,,7,South Delhi,"Bijwasan, Palam, Mehrauli, Chhatarpur, Deoli, Ambedkar Nagar, Sangam Vihar, Kalkaji, Tughlakabad, Badarpur",,,
,,,,,,,
30,Puducherry,1,Puducherry,The entire area of the Union Territory of Puducherry,,,
,,,,,,,
31,Andaman and Nicobar Islands,1,Andaman and Nicobar Islands,The entire area of the Union Territory of Andaman and Nicobar Islands,,,
,,,,,,,
32,Chandigarh,1,Chandigarh,The entire area of the Union Territory of Chandigarh,,,
,,,,,,,
33,Dadra and Nagar Haveli,1,Dadra and Nagar Haveli,The entire area of the Union Territory of Dadra and Nagar Haveli,ST,,
,,,,,,,
34,Daman and Diu,1,Daman and Diu,The entire area of the Union Territory of Daman and Diu,,,
,,,,,,,
35,Lakshadweep,1,Lakshadweep,The entire area of the Union Territory of Lakshadweep,ST,,
,,,,,,,